<?xml version="1.0" encoding="iso-8859-1"?>
<tree id="0" radio="1">
	<item   text="Books" id="books" im0="tombs.gif" im1="tombs_open.gif" im2="tombs.gif" call="1" select="1">
		<item text="Mystery &amp; Thrillers" id="mystery" im0="folderClosed.gif" im1="folderOpen.gif" im2="folderClosed.gif">
			<item text="Lawrence Block" id="lb" im0="books_close.gif" im1="books_open.gif" im2="books_close.gif">
				<item text="All the Flowers Are Dying" id="lb_1" im0="iconText.gif" im1="book_titel.gif" im2="book_titel.gif"/>
				<item text="The Burglar on the Prowl" id="lb_2" im0="iconText.gif" im1="book_titel.gif" im2="book_titel.gif"/>
				<item text="The Plot Thickens" id="lb_3" im0="iconText.gif" im1="iconText.gif" im2="iconText.gif"/>
				<item text="Grifter's Game" id="lb_4" im0="iconText.gif" im1="iconText.gif" im2="iconText.gif"/>
				<item text="The Burglar Who Thought He Was Bogart" id="lb_5" im0="iconText.gif" im1="iconText.gif" im2="iconText.gif"/>
			</item>
			<item text="Robert Crais" id="rc" im0="books_close.gif" im1="books_open.gif" im2="books_close.gif">
				<item text="The Forgotten Man" id="rc_1" im0="iconText.gif" im1="iconText.gif" im2="iconText.gif"/>
				<item text="Stalking the Angel" id="rc_2" im0="iconText.gif" im1="iconText.gif" im2="iconText.gif"/>
				<item text="Free Fall" id="rc_3" im0="iconText.gif" im1="book_titel.gif" im2="iconText.gif"/>
				<item text="Sunset Express" id="rc_4" im0="iconText.gif" im1="iconText.gif" im2="iconText.gif"/>
				<item text="Hostage" id="rc_5" im0="iconText.gif" im1="iconText.gif" im2="iconText.gif"/>
			</item>
			<item text="Ian Rankin" id="ir" im0="books_close.gif" im1="books_open.gif" im2="books_close.gif"/>
			<item text="James Patterson" id="jp" im0="books_close.gif" im1="books_open.gif" im2="books_close.gif"/>
			<item text="Nancy Atherton" id="na" im0="books_close.gif" im1="books_open.gif" im2="books_close.gif"/>
		</item>
		<item text="History" id="history" im0="folderClosed.gif" im1="folderOpen.gif" im2="folderClosed.gif">
			<item text="John Mack Faragher" id="jmf" im0="books_close.gif" im1="books_open.gif" im2="books_close.gif"/>
			<item text="Jim Dwyer" id="jd" im0="books_close.gif" im1="books_open.gif" im2="books_close.gif"/>
			<item text="Larry Schweikart" id="ls" im0="books_close.gif" im1="books_open.gif" im2="books_close.gif"/>
			<item text="R. Lee Ermey" id="rle" im0="books_close.gif" im1="books_open.gif" im2="books_close.gif"/>
		</item>
		<item text="Horror" id="horror" im0="folderClosed.gif" im1="folderOpen.gif" im2="folderClosed.gif">
			<item text="Stephen King" id="sk" im0="books_close.gif" im1="books_open.gif" im2="books_close.gif"/>
			<item text="Dan Brown" open="1" id="db" im0="books_close.gif" im1="books_open.gif" im2="books_close.gif">
				<item text="Angels &amp; Demons" id="db_1" im0="iconText.gif" im1="iconText.gif" im2="iconText.gif"/>
				<item text="Deception Point" id="db_2" im0="iconText.gif" im1="iconText.gif" im2="iconText.gif"/>
				<item text="Digital Fortress" id="db_3" im0="iconText.gif" im1="iconText.gif" im2="iconText.gif"/>
				<item text="The Da Vinci Code" id="db_4" im0="iconText.gif" im1="iconText.gif" im2="iconText.gif"/>
				<item text="Deception Point" id="db_5" im0="iconText.gif" im1="iconText.gif" im2="iconText.gif"/>
			</item>
			<item text="Mary Janice Davidson" id="mjd" im0="books_close.gif" im1="books_open.gif" im2="books_close.gif"/>
			<item text="Katie Macalister" id="km" im0="books_close.gif" im1="books_open.gif" im2="books_close.gif"/>
		</item>
		<item text="Science Fiction &amp; Fantasy" id="fantasy" im0="folderClosed.gif" im1="folderOpen.gif" im2="folderClosed.gif">
			<item text="Audrey Niffenegger" id="af" im0="books_close.gif" im1="books_open.gif" im2="books_close.gif"/>
			<item text="Philip Roth" id="pr" im0="books_close.gif" im1="books_open.gif" im2="books_close.gif"/>
		</item>
		<item text="Sport" id="sport" im0="folderClosed.gif" im1="folderOpen.gif" im2="folderClosed.gif">
			<item text="Bill Reynolds" id="br" im0="books_close.gif" im1="books_open.gif" im2="books_close.gif"/>
		</item>
		<item text="Teens" id="teens" im0="folderClosed.gif" im1="folderOpen.gif" im2="folderClosed.gif">
			<item text="Joss Whedon" id="jw" im0="books_close.gif" im1="books_open.gif" im2="books_close.gif">
				<item text="Astonishing X-Men" id="jw_1" im0="iconText.gif" im1="iconText.gif" im2="iconText.gif"/>
				<item text="Joss Whedon: The Genius Behind Buffy" id="jw_2" im0="iconText.gif" im1="iconText.gif" im2="iconText.gif"/>
				<item text="Fray" id="jw_3" im0="iconText.gif" im1="iconText.gif" im2="iconText.gif"/>
				<item text="Tales Of The Vampires" id="jw_4" im0="iconText.gif" im1="iconText.gif" im2="iconText.gif"/>
				<item text="The Harvest" id="jw_5" im0="iconText.gif" im1="iconText.gif" im2="iconText.gif"/>
			</item>
			<item text="Meg Cabot" id="mc" im0="books_close.gif" im1="books_open.gif" im2="books_close.gif"/>
			<item text="Garth Nix" id="gn" im0="books_close.gif" im1="books_open.gif" im2="books_close.gif"/>
			<item text="Ann Brashares" id="ab" im0="books_close.gif" im1="books_open.gif" im2="books_close.gif"/>
		</item>
	</item>
</tree>
