<?xml version="1.0" encoding="iso-8859-1"?>
<tree id="0">
			<item id="common" text="DHTMLX Common" im0="dhtmlxcommon_icon.gif" im1="dhtmlxcommon_icon.gif" im2="dhtmlxcommon_icon.gif">
				<userdata name="url">
					doc
				</userdata>
				<item text="dhtmlx Components XML Structure" id="dhtmlx_xml">
					<userdata name="url">
						dhtmlxxml/index.html
					</userdata>
				</item>	
				<item text="LibCompiler Tool" id="libc_">
					<userdata name="url">
						libCompiler/guide.html
					</userdata>
					<item text="Guide" id="libc_guide"><userdata name="url">guide.html</userdata><item id="libc_wzl_" text="Introduction"><item id="libc_wzl_1" text="Scope of the Document"/><item id="libc_wzl_4" text="Target Readers"/></item><item id="libc_ak25" text="What is libComplier"/><item id="libc_ak251" text="libComplier's Interface"><item id="libc_ak253" text="Tree"/><item id="libc_n76g0" text="Details"/><item id="libc_ea7d" text="Used Skin"/><item id="libc_ea7d3" text="Toolbar"/></item><item id="libc_rcfk" text="How libComplier Works"/></item>
				</item>	
				<item text="Handling special characters" id="all_art_handlspecchars">
	    	        <userdata name="url">Handling_special_characters.html</userdata>
		        </item>
			</item>
			
			<item id="dhtmlxtree" text="dhtmlxTree" im0="dhtmlxtree_icon.gif" im1="dhtmlxtree_icon.gif" im2="dhtmlxtree_icon.gif">
				<userdata name="url">
					../dhtmlxTree/doc
				</userdata>
				<userdata name="thisurl">
					../dhtmlxTree/doc/guide.html
				</userdata>
				<item text="Main Features" id="mf">
					<userdata name="url">guide.html</userdata>
				</item>
				<item text="Supported Browsers" id="browsers">
					<userdata name="url">guide.html</userdata>
				</item>
				<item text="Guide" id="guide">
					<userdata name="url">guide.html</userdata>
					<item text="Initialize object on page" id="init"/>
					<item text="Initialization from HTML" id="inithtml"/>
					<item text="Loading data with XML" id="xmlload"/>
					<item text="Loading from JSON" id="json" im0="leaf_new.gif"/>
					<item text="Loading from CSV" id="csv" im0="leaf_new.gif"/>
					<item text="Loading from JS Array" id="jsarray" im0="leaf_new.gif"/>
					
					
					<item text="Adding nodes with Script" id="scriptadd"/>
					<item text="Icons in Tree" id="g_icons"/>
					<item text="Setting custom icons to nodes" id="iconscust"/>
					<item text="Checkboxes in tree" id="checkbox"/>
					<item text="Radiobuttons in tree" id="radiobut"/>
					<item text="Tooltips" id="tooltip"/>
					<item text="Moving nodes" id="move"/>
					<item text="Sorting nodes" id="sort"/>
					<item text="Increasing Performance" id="guide_perf" im0="leaf_upd.gif"/>
					<item text="Dynamical Loading" id="dyntree">
						<userdata name="url">dyn_loading.html</userdata>
					</item>
					<item text="Smart Rendering for big trees" id="smartrnd" im0="leaf_new.gif"/>
					<item text="Smart XML Parsing" id="smartxml"/>
					<item text="Distributed Parsing" id="distparse"/>
					<item text="Set Event Handlers" id="handlers" im0="leaf_upd.gif"/>
					<item text="Drag-and-drop technics" id="dnd"/>
					<item text="Drag-and-drop between iframes" id="dndifr"/>
					<item text="Manipulating nodes" id="nodesman"/>
					<item text="Refreshing nodes" id="refresh"/>
					<item text="Serialization" id="serialize"/>
					<item text="Search functionlity" id="search"/>
					<item text="Multiline tree items" id="multiline"/>
					<item text="Add Items Counter" id="counter"/>
					<item text="Context Menu" id="context_menu"/>
					<item text="Cold Fusion Tag for dhtmlXTree" id="cftag"/>
					<item text="Error handling in dhtmlXTree" id="error"/>
					<item text="Keyboard Navigation" id="keyboard"/>
					<item text="Editable Items" id="edititem"/>
					<item text="Simultanious Server Update" id="dataprocessor"/>
					<!--item text="*.Net Implementation" id="dotnet"/-->
					
				</item>
				<item text="API Functions" id="api">
					<userdata name="url">alpha.html</userdata>
					<item text="Object constructor" id="api_obj">
						<userdata name="url">objects.html</userdata>
					</item>
					<item text="Events" id="api_ev">
						<userdata name="url">events.html</userdata>
					</item>
					<item text="Alphabeticaly sorted" id="api_a">
						<userdata name="url">alpha.html</userdata>
					</item>
					<item text="Grouped by Object" id="api_o">
						<userdata name="url">ogroup.html</userdata>
					</item>
					<!--item text="*Event handlers arguments" id="events_args">
						<userdata name="file">events.html</userdata>
					</item-->
				</item>
				<item text="Special Technique" id="spec">
					<userdata name="url">special.html</userdata>
					<item text="Links in tree" id="spec_link"/>
					<item text="Drag-n-drop outside tree" id="spec_dnd_out"/>
					<!--item text="*Context Menu" id="spec_cm"/-->
				</item>
				<item text="Frequently asked questions" id="kb_faq">
					<userdata name="url">faq.html</userdata>
					<item text="Licenses" id="kb_faq_lic"/>
					<item text="Performance. Dynamical Loading" id="kb_faq_perf"/>
					<item text="Drag-n-drop, Nodes ordering" id="kb_faq_dnd"/>
					<item text="API, Initialization" id="kb_faq_api"/>
					<item text="Other Questions" id="kb_faq_else"/>
					<item text="IE images caching troubleshooting" id="tree_im_cach">
		                <userdata name="url">trouble.html</userdata> 
					</item>
				</item>
			</item>
			
			
			<item id="dhtmlxdataprocessor" text="dhtmlxDataProcessor" im0="dhtmlxdataprocessor_icon.gif" im1="dhtmlxdataprocessor_icon.gif" im2="dhtmlxdataprocessor_icon.gif">
				<userdata name="url">
					../dhtmlxDataProcessor/doc
				</userdata>
				<userdata name="thisurl">
					../dhtmlxDataProcessor/doc/guide.html
				</userdata>
				<item text="Main Features" id="dp_mf">
					<userdata name="url">guide.html</userdata>
				</item>
				<item text="Supported Browsers" id="dp_browsers">
					<userdata name="url">guide.html</userdata>
				</item>
				<item text="Guide" id="dp_guide">
					<userdata name="url">guide.html</userdata>
					
				</item>
				<item text="API Functions" id="dp_api">
					<userdata name="url">alpha.html</userdata>
	        	 	<item text="Object constructor" id="dp_api_obj">
	    	       		<userdata name="url">objects.html</userdata>
		         	</item>
	        	 	<item text="Alphabeticaly sorted" id="dp_api_a">
						<userdata name="url">alpha.html</userdata>
					</item>
				</item>
			</item>
			
			
			
			<item id="dhtmlxconnector" text="dhtmlxConnector" im0="dhtmlxconnector_icon.gif" im1="dhtmlxconnector_icon.gif" im2="dhtmlxconnector_icon.gif">
				<userdata name="url">
					../dhtmlxConnector/doc
				</userdata>
				<userdata name="thisurl">
					../dhtmlxConnector/doc/guide.html
				</userdata>
				<item text="Main Features" id="cc_mf">
					<userdata name="url">guide.html</userdata>
				</item>
				<item text="Guide" id="cc_guide">
					<userdata name="url">guide.html</userdata>
					
				</item>
				<item text="API Methods" id="cc_api">
					<userdata name="url">api.html</userdata>
	        	 	<item text="PHP Objects API" id="cc_api_a">
						<userdata name="url">api.html</userdata>
					</item>
				</item>
			</item>

			
			
			
			
			
			
			
			
			
			
			
			
			
			
			
			
			
			
			
			
			
			
			
			
		</tree>
