<?xml version="1.0"?>
<tree id="0"><item id="dhtmlxtree" text="dhtmlxTree" im0="dhtmlxtree_icon.gif" im1="dhtmlxtree_icon.gif" im2="dhtmlxtree_icon.gif"><userdata name="url">../dhtmlxTree/samples</userdata><item id="dhtmlxtree!!appearance" text="Appearance"><userdata name="url">appearance</userdata><item id="dhtmlxtree!!appearance/tree_design.html" text="Easy skinable design" im0="leaf_new.gif"><userdata name="url">tree_design.html</userdata></item><item id="dhtmlxtree!!appearance/tree_iconset.html" text="Changing iconsets" im0="leaf_new.gif"><userdata name="url">tree_iconset.html</userdata></item><item id="dhtmlxtree!!appearance/tree_text_image.html" text="Dynamical icon/text/style changing" im0="leaf_new.gif"><userdata name="url">tree_text_image.html</userdata></item></item><item id="dhtmlxtree!!checkboxes" text="Checkboxes"><userdata name="url">checkboxes</userdata><item id="dhtmlxtree!!checkboxes/tree_checkboxes.html" text="Checkboxes" im0="leaf_new.gif"><userdata name="url">tree_checkboxes.html</userdata></item></item><item id="dhtmlxtree!!drag_n_drop" text="Drag-n-drop"><userdata name="url">drag_n_drop</userdata><item id="dhtmlxtree!!drag_n_drop/tree_drag.html" text="Drag and Drop" im0="leaf_new.gif"><userdata name="url">tree_drag.html</userdata></item></item><item id="dhtmlxtree!!events" text="Events"><userdata name="url">events</userdata><item id="dhtmlxtree!!events/tree_events.html" text="Event handlers" im0="leaf_new.gif"><userdata name="url">tree_events.html</userdata></item></item><item id="dhtmlxtree!!initialization_general_settings" text="Initialization, general settings"><userdata name="url">initialization_general_settings</userdata><item id="dhtmlxtree!!initialization_general_settings/tree_init_from_html.html" text="Initialize from HTML" im0="leaf_new.gif"><userdata name="url">tree_init_from_html.html</userdata></item><item id="dhtmlxtree!!initialization_general_settings/tree_init_xml.html" text="Initialize object on page" im0="leaf_new.gif"><userdata name="url">tree_init_xml.html</userdata></item></item><item id="dhtmlxtree!!json_support" text="Json support"><userdata name="url">json_support</userdata><item id="dhtmlxtree!!json_support/pro_dyn_loading_json.html" text="Autoloading from JSON" im0="leaf_new.gif"><userdata name="url">pro_dyn_loading_json.html</userdata></item></item><item id="dhtmlxtree!!loading_processing_data" text="Loading/Processing data"><userdata name="url">loading_processing_data</userdata><item id="dhtmlxtree!!loading_processing_data/tree_dyn_loading.html" text="Autoloading from XML" im0="leaf_new.gif"><userdata name="url">tree_dyn_loading.html</userdata></item></item><item id="dhtmlxtree!!nodes_manipulation" text="Nodes manipulations"><userdata name="url">nodes_manipulation</userdata><item id="dhtmlxtree!!nodes_manipulation/tree_add_delete.html" text="Add / Delete items" im0="leaf_new.gif"><userdata name="url">tree_add_delete.html</userdata></item><item id="dhtmlxtree!!nodes_manipulation/tree_open_close.html" text="Collapse/Expand nodes" im0="leaf_new.gif"><userdata name="url">tree_open_close.html</userdata></item></item></item></tree>
